name,googledrive_id,mimeType,createdTime,modifiedTime,parents_1
2023_08_02.jpg,1cVROsY5oeonrV-juNGsse_YXXLpJGXaB,image/jpeg,2023-08-03T06:54:21Z,2023-08-03T06:54:20Z,1a7Rn8z1eSw-xZPczU5vioYJh0eftK5dj
2023_07_12.jpg,1TijORlRnsttmOqhWbe-naCJ-xuY0ojro,image/jpeg,2023-07-12T21:47:09Z,2023-07-12T21:47:07Z,1a7Rn8z1eSw-xZPczU5vioYJh0eftK5dj
2023_06_14.jpg,1LqhdDLP-X3xTuNXpoh6h5tsBtLxpHwJM,image/jpeg,2023-06-14T21:43:29Z,2023-06-14T21:43:28Z,1a7Rn8z1eSw-xZPczU5vioYJh0eftK5dj
2023_06_07.jpg,1JoHGR2kzHrhnZhmH6le2uR2dGJzXMlrs,image/jpeg,2023-06-07T22:07:39Z,2023-06-07T22:07:38Z,1a7Rn8z1eSw-xZPczU5vioYJh0eftK5dj
2023_05_31.jpg,1GMO44azH4avlKAXDH0VSNr1RnaISrZGu,image/jpeg,2023-05-31T20:42:50Z,2023-05-31T20:42:49Z,1a7Rn8z1eSw-xZPczU5vioYJh0eftK5dj
2023_05_24.jpg,1Fy8mrMVlRN5xm9Z4iXN8wctQchp2ERoY,image/jpeg,2023-05-31T07:50:48Z,2023-05-31T07:50:45Z,1a7Rn8z1eSw-xZPczU5vioYJh0eftK5dj
2023_05_10.jpg,1CyFJyJYuucGNyijXK1ho7-m0IBEwRqfc,image/jpeg,2023-05-20T12:42:19Z,2023-05-20T12:42:20Z,1a7Rn8z1eSw-xZPczU5vioYJh0eftK5dj
2023_05_17.jpg,1CwRy0C7X6GC2RWILPMdbEkySwJjHQStS,image/jpeg,2023-05-20T12:41:12Z,2023-05-20T12:41:13Z,1a7Rn8z1eSw-xZPczU5vioYJh0eftK5dj
2023_04_05.jpg,12Tvqziw5ZBLvIJGHZ1KqkdGcC_r302ir,image/jpeg,2023-04-23T22:05:35Z,2023-05-03T21:56:10Z,1a7Rn8z1eSw-xZPczU5vioYJh0eftK5dj
2023_05_03_04.jpg,16yMDOOsu2PtC8k-nO7CtbxlXBV9F5Oyj,image/jpeg,2023-05-03T21:52:58Z,2023-05-03T21:55:42Z,1a7Rn8z1eSw-xZPczU5vioYJh0eftK5dj
2023_05_03_04.jpg,16z4j7XS6wgczhFTBTGJzMtZKuPFwXfdv,image/jpeg,2023-05-03T21:53:05Z,2023-05-03T21:55:17Z,1a7Rn8z1eSw-xZPczU5vioYJh0eftK5dj
2023_05_03_02.jpg,17-PdZgcqoQ-SBnqUhVgchX1X1Blxrp5J,image/jpeg,2023-05-03T21:53:12Z,2023-05-03T21:54:59Z,1a7Rn8z1eSw-xZPczU5vioYJh0eftK5dj
2023_05_03_01.jpg,176M7rqlbrB8P2wKFzURys8e7y6qK_9_n,image/jpeg,2023-05-03T21:53:19Z,2023-05-03T21:54:37Z,1a7Rn8z1eSw-xZPczU5vioYJh0eftK5dj
2023_04_26.jpg,13x_XOhuXOIVzaikEPwpAXky2N5k_K-zP,image/jpeg,2023-04-26T21:06:50Z,2023-04-26T21:06:49Z,1a7Rn8z1eSw-xZPczU5vioYJh0eftK5dj
2023_03_22.jpg,13S_FSCUTwMmrQnwbUjIsjNXzUMJ_A6Rn,image/jpeg,2023-04-24T21:04:09Z,2023-04-24T21:04:09Z,1a7Rn8z1eSw-xZPczU5vioYJh0eftK5dj
2023_04_12.jpg,12Z2-2WwcsYX55buh3QLfuAEfpSYuzM-W,image/jpeg,2023-04-23T22:05:37Z,2023-04-24T12:53:10Z,1a7Rn8z1eSw-xZPczU5vioYJh0eftK5dj
2023_03_29.jpg,1azjyBQy1y2knAhuRIrBuTGi4JnQPapQw,image/jpeg,2023-04-04T19:55:55Z,2023-04-04T19:55:52Z,1a7Rn8z1eSw-xZPczU5vioYJh0eftK5dj
2023_03_15.jpg,1WFFLkQmmHZFs1RNuNL8EiZ-d4eRh_6jV,image/jpeg,2023-03-15T11:31:26Z,2023-03-15T11:31:26Z,1a7Rn8z1eSw-xZPczU5vioYJh0eftK5dj
2023_03_08.jpg,1TRxUbDublO1pidjjSsYsqHKGQWvKWI5t,image/jpeg,2023-03-08T23:03:10Z,2023-03-08T23:03:09Z,1a7Rn8z1eSw-xZPczU5vioYJh0eftK5dj
2023_02_22 Part 2.jpg,1Q3ij1E0Ne42lln4TGW_4w47yq4Ao8kKT,image/jpeg,2023-02-23T18:47:32Z,2023-02-23T18:47:30Z,1a7Rn8z1eSw-xZPczU5vioYJh0eftK5dj
2023_02_22.jpg,1Q-4OPa7x9bSSI6Rv6GeLIWfQOU_TtJkG,image/jpeg,2023-02-23T18:47:30Z,2023-02-23T18:47:30Z,1a7Rn8z1eSw-xZPczU5vioYJh0eftK5dj
2023_02_15.jpg,1Nj-jU_nX3zjZDfeliBhdH8txX4tCK-Xi,image/jpeg,2023-02-18T20:48:18Z,2023-02-18T20:48:18Z,1a7Rn8z1eSw-xZPczU5vioYJh0eftK5dj
2022_12_21.jpg,1LEb2A7aYMIDlEPzCgIn5gkCK86HZRFXt,image/jpeg,2023-02-10T22:42:52Z,2023-02-10T22:55:37Z,1a7Rn8z1eSw-xZPczU5vioYJh0eftK5dj
2022_12_07.jpg,1LEva14-SL6rHou3mo3KpgkTRH6a-UVYT,image/jpeg,2023-02-10T22:44:20Z,2023-02-10T22:44:17Z,1a7Rn8z1eSw-xZPczU5vioYJh0eftK5dj
2023_01_04.jpg,1LCOvFwVqFCfh1Pnb_ud4VI8MPoZNisV4,image/jpeg,2023-02-10T22:42:03Z,2023-02-10T22:42:02Z,1a7Rn8z1eSw-xZPczU5vioYJh0eftK5dj
2023_01_11.jpg,1LBtUhEJsklkR4yP5IjbGXlqAnCkQJsXW,image/jpeg,2023-02-10T22:41:16Z,2023-02-10T22:41:14Z,1a7Rn8z1eSw-xZPczU5vioYJh0eftK5dj
2023_01_18.jpg,1LA6ivNCoEpxry3_ZP2-tEZR4u0JcSB_T,image/jpeg,2023-02-10T22:40:29Z,2023-02-10T22:40:28Z,1a7Rn8z1eSw-xZPczU5vioYJh0eftK5dj
2023_01_25.jpg,1L4mcAs7OYJpUhj5gi7gy8RtjrVqlnSBy,image/jpeg,2023-02-10T22:39:29Z,2023-02-10T22:39:28Z,1a7Rn8z1eSw-xZPczU5vioYJh0eftK5dj
2023_02_01.jpg,1L1AZmt0H12UsgnN4A2zXsH5kJed-n7Bo,image/jpeg,2023-02-10T22:38:47Z,2023-02-10T22:38:46Z,1a7Rn8z1eSw-xZPczU5vioYJh0eftK5dj
2023_02_08.jpg,1Kq5GEjtSII0G3qDO1r-sbG1uLxsCBeOG,image/jpeg,2023-02-10T22:37:57Z,2023-02-10T22:37:56Z,1a7Rn8z1eSw-xZPczU5vioYJh0eftK5dj
2023_01_18.jpg,1KdPVMEt8bb4DHO0tNdOFo2IUPpYE5HMP,image/jpeg,2023-02-10T22:34:45Z,2023-02-10T22:34:43Z,1a7Rn8z1eSw-xZPczU5vioYJh0eftK5dj
2022_11_23.jpg,134bzLcqucsSaKpCx08WXXJDX2RL0h1bK,image/jpeg,2022-11-24T08:17:01Z,2022-11-24T08:16:56Z,1a7Rn8z1eSw-xZPczU5vioYJh0eftK5dj
2022_11_16.jpg,10S37xhA0NIR756LQ4JZXD2NLsy2aeJG0,image/jpeg,2022-11-16T22:45:56Z,2022-11-16T22:45:13Z,1a7Rn8z1eSw-xZPczU5vioYJh0eftK5dj
2022_11_09.jpg,1yhgw3E9hWJdjl9-izbg9Y_phpya3eZ0R,image/jpeg,2022-11-09T22:59:52Z,2022-11-09T22:59:51Z,1a7Rn8z1eSw-xZPczU5vioYJh0eftK5dj
2022_11_02.jpg,1vuMQWrvJGssMow6Vipr-5uPHwNOobssl,image/jpeg,2022-11-02T22:29:24Z,2022-11-02T22:30:13Z,1a7Rn8z1eSw-xZPczU5vioYJh0eftK5dj
2022_10_26.jpg,1uxv2DHoYEp5G-E2uS3bZPczTAtmGoYIl,image/jpeg,2022-10-26T21:48:23Z,2022-10-26T21:48:22Z,1a7Rn8z1eSw-xZPczU5vioYJh0eftK5dj
2022_10_19.jpg,1s85jat5upSRD2n2ZIQFtFzKatq2AWZHn,image/jpeg,2022-10-19T21:46:40Z,2022-10-19T21:47:23Z,1a7Rn8z1eSw-xZPczU5vioYJh0eftK5dj
2022_10_05.jpg,1msl2kjYvQdkxeLWA-UkmvjTWlxhOKbf8,image/jpeg,2022-10-07T18:30:51Z,2022-10-05T22:48:45Z,1a7Rn8z1eSw-xZPczU5vioYJh0eftK5dj
2022_08_24.jpg,1a5EjCyUghUAzXfR326N7Xk5FDFsNStC3,image/jpeg,2022-08-31T06:27:21Z,2022-08-31T06:27:21Z,1a7Rn8z1eSw-xZPczU5vioYJh0eftK5dj
2022_07_20.jpg,1a4p3GJtx5LTJUWPsEzRt18ArEQsJYuM8,image/jpeg,2022-08-31T06:13:56Z,2022-08-31T06:13:55Z,1a7Rn8z1eSw-xZPczU5vioYJh0eftK5dj
2022_07_27.jpg,1a4hio5ldgQ6SoF8zzKjX7mc05VHh6F5p,image/jpeg,2022-08-31T06:13:05Z,2022-08-31T06:13:04Z,1a7Rn8z1eSw-xZPczU5vioYJh0eftK5dj
2022_08_17.jpg,1a2MNCizvu0RmhZ4_CvWRonVet078J2GD,image/jpeg,2022-08-31T06:11:44Z,2022-08-31T06:11:43Z,1a7Rn8z1eSw-xZPczU5vioYJh0eftK5dj
2022_07_20.jpg,1LH2hK-EEm5op0x0RTLMG9QxtRqr4krjx,image/jpeg,2022-07-20T20:13:44Z,2022-07-20T20:14:10Z,1a7Rn8z1eSw-xZPczU5vioYJh0eftK5dj
2022_06_22,1Iv-25vt0ld8eE1vgrkC3A9MDtyUThnXR,image/jpeg,2022-07-16T11:28:43Z,2022-07-16T11:30:52Z,1a7Rn8z1eSw-xZPczU5vioYJh0eftK5dj
2022_07_13,1IqHoqCEkmAaCycC-HwGLVU7Ez8_kyY5B,image/jpeg,2022-07-16T11:28:31Z,2022-07-16T11:29:46Z,1a7Rn8z1eSw-xZPczU5vioYJh0eftK5dj
2022_07_06,1ItcSQ5G8d_m1_NN9JxY9_IsPCE5Qy69-,image/jpeg,2022-07-16T11:28:39Z,2022-07-16T11:29:17Z,1a7Rn8z1eSw-xZPczU5vioYJh0eftK5dj
2022_06_15.jpg,17syyeljz8QdxQCmYTGqhl07YnCa79FE1,image/jpeg,2022-06-19T12:41:17Z,2022-06-19T12:41:48Z,1a7Rn8z1eSw-xZPczU5vioYJh0eftK5dj
2022_06_01.jpg,13RiqCsFWH6PJBYINsJaK6479b9Z8m5Fg,image/jpeg,2022-06-06T20:40:43Z,2022-06-06T20:41:32Z,1a7Rn8z1eSw-xZPczU5vioYJh0eftK5dj
2022_05_18.jpg,12-lDHBYzQ6mAOwMcPCRH30IPC5hlx6ie,image/jpeg,2022-05-18T22:15:36Z,2022-05-18T21:41:05Z,1a7Rn8z1eSw-xZPczU5vioYJh0eftK5dj
2022_05_11.jpg,1-9QFJnPBtwGOrmhfUyC8XJRxy0XWCNL7,image/jpeg,2022-05-14T07:04:08Z,2022-05-14T07:04:08Z,1a7Rn8z1eSw-xZPczU5vioYJh0eftK5dj
2022_04_27.jpg,1lb3Vypd6OYgDKGZU4gerurb0b00CjZEh,image/jpeg,2022-05-01T19:50:41Z,2022-05-01T19:50:40Z,1a7Rn8z1eSw-xZPczU5vioYJh0eftK5dj
2022_04_21.jpg,1gki6JR524JS-Lu633c9y7gEY4YDMQv3C,image/jpeg,2022-04-21T21:37:45Z,2022-04-21T21:37:41Z,1a7Rn8z1eSw-xZPczU5vioYJh0eftK5dj
2022_04_13.jpg,1gk5tSW0CtwLy421w8KUBD_QPR-cIV6xC,image/jpeg,2022-04-21T21:37:43Z,2022-04-21T21:37:41Z,1a7Rn8z1eSw-xZPczU5vioYJh0eftK5dj
2022_04_08.jpg,1TGWuAtAzxlKz1XTWJT2fhfQa9morIwsy,image/jpeg,2022-04-08T19:31:04Z,2022-04-08T19:31:03Z,1a7Rn8z1eSw-xZPczU5vioYJh0eftK5dj
2022_03_23.jpg,1NWAi49hO2XfR2OCtIv-arJ9wUaLEeWN1,image/jpeg,2022-03-30T19:59:31Z,2022-03-30T19:59:29Z,1a7Rn8z1eSw-xZPczU5vioYJh0eftK5dj
2022_03_16.jpg,1Hr5rzXGn5OEa3NchwhbF2yED2L4Mj9Ri,image/jpeg,2022-03-16T22:55:28Z,2022-03-16T22:23:44Z,1a7Rn8z1eSw-xZPczU5vioYJh0eftK5dj
2022_03_09.jpg,1EStTiF2oMD5OuGh253Aq4rDKr_MiOdpG,image/jpeg,2022-03-09T22:27:27Z,2022-03-09T22:27:23Z,1a7Rn8z1eSw-xZPczU5vioYJh0eftK5dj
2022_03_02.jpg,1CQF5Vp0iQnJ5P7SKLLw0OY6twoSbqxCK,image/jpeg,2022-03-02T22:40:15Z,2022-03-02T22:23:31Z,1a7Rn8z1eSw-xZPczU5vioYJh0eftK5dj
2022_02_23.jpg,18NWxN6VyMQl9bnxWPd1MFFnN7ftTQcXx,image/jpeg,2022-02-24T17:35:01Z,2022-02-24T17:34:17Z,1a7Rn8z1eSw-xZPczU5vioYJh0eftK5dj
2022_02_02.jpg,129n_iFW0v5vunDcqEudv7l0KNtveiZ5B,image/jpeg,2022-02-02T22:27:02Z,2022-02-02T22:26:59Z,1a7Rn8z1eSw-xZPczU5vioYJh0eftK5dj
2022_01_26.jpg,1-5gsjZHvTMWw9ilhhYw3a5Kgf3CrSJEi,image/jpeg,2022-01-27T08:13:30Z,2022-01-27T08:13:30Z,1a7Rn8z1eSw-xZPczU5vioYJh0eftK5dj
2022_01_19.jpg,1V6LKd0I68ZIeK6mWq4La0SviGM-n4wBn,image/jpeg,2022-01-24T13:26:23Z,2022-01-24T13:26:37Z,1a7Rn8z1eSw-xZPczU5vioYJh0eftK5dj
2021_12_16.jpg,1EKTvPO3rI7ON7fFxyac6OAXtzlYLYE9t,image/jpeg,2022-01-08T18:58:19Z,2022-01-08T18:56:13Z,1a7Rn8z1eSw-xZPczU5vioYJh0eftK5dj
2021_12_01.jpg,1T5NPvu9zQtUiB_NZlVfrrLykJrakcgEw,image/jpeg,2022-01-08T18:58:12Z,2022-01-08T18:53:22Z,1a7Rn8z1eSw-xZPczU5vioYJh0eftK5dj
2021_10_13.jpg,1VC9WePdFwCSzW1f4dPpG1dKLm-ft9U7K,image/jpeg,2022-01-08T18:38:48Z,2022-01-08T18:38:26Z,1a7Rn8z1eSw-xZPczU5vioYJh0eftK5dj
IMG_20211216_000444.jpg,1FaJ9T0qHRLEhuHfdwRZfa2l09dOLvJxa,image/jpeg,2021-12-17T10:52:57Z,2021-12-17T10:51:56Z,1VcmTUDswaCK3fB0y1QfyIAlTvbM0fgbG
IMG_20211201_230342.jpg,1d3y9fPSOOEzdSj-fTE2Kg0zHAf8tHGAW,image/jpeg,2021-12-17T10:52:42Z,2021-12-17T10:51:49Z,1VcmTUDswaCK3fB0y1QfyIAlTvbM0fgbG
IMG_20211013_232004.jpg,1s1EfM-aQywQzWTxPk7UE7HDwMdZkODgj,image/jpeg,2021-12-17T10:52:50Z,2021-12-17T10:51:40Z,1VcmTUDswaCK3fB0y1QfyIAlTvbM0fgbG
